Date	Holiday	Holiday	Holiday	Holiday	Holiday	Holiday	Holiday	Holiday	Holiday	Holiday	Holiday	Holiday	Holiday	Holiday	Holiday
January Full Month	Dry January	Veganuary	National Soup Month	National Baking Month	Bread Machine Baking Month	National Wheat Bread Month	National Hot Tea Month	National Citrus Month	National Meat Month	National Oatmeal Month	National Slow Cooking Month	National Sunday Supper Month	Prune Breakfast Month (also called National Dried Plum Breakfast Month).		
January 1	New Year’s Day	Apple Gifting Day	National Bloody Mary Day	National Black Eyed Pea Day											
January 2	National Buffet Day	Swiss Cheese Day	National Cream Puff Day												
January 3	National Chocolate Covered Cherry Day	Fruitcake Toss Day													
January 4	National Spaghetti Day														
January 5	National Whipped Cream Day	National Keto Day													
January 6	National Bean Day	National Shortbread Day	Apple Tree Day												
January 7	National Tempura Day														
January 8	National English Toffee Day														
January 9	National Apricot Day	National Cassoulet Day													
January 10	National Bittersweet Chocolate Day	National Oysters Rockefeller Day													
January 11	National Hot Toddy Day	National Milk Day													
January 12	National Marzipan Day	National Curried Chicken Day	National Glazed Doughnut Day	National Hot Tea Day											
January 13	National Gluten-Free Day (second Monday of January)	National Peach Melba Day													
January 14	National Hot Pastrami Sandwich Day														
January 15	National Bagel Day	National Fresh Squeezed Juice Day	National Strawberry Ice Cream Day	National Booch Day (also Kombucha Day)											
January 16	International Hot and Spicy Food Day	National Fig Newton Day	National Quinoa Day												
January 17	National Hot Buttered Rum Day														
January 18	National Peking Duck Day	National Gourmet Coffee Day	National Soup Swap Day (third Saturday of January)												
January 19	National Popcorn Day														
January 20	National Cheese Lover’s Day	National Coffee Break Day	National Buttercrunch Day												
January 21	National Granola Bar Day	Rid the World of Fad Diets & Gimmicks Day (third Tuesday of January)	National New England Clam Chowder Day												
January 22	National Blonde Brownie Day	National Hot Sauce Day	National Southern Food Day												
January 23	National Pie Day	National Rhubarb Pie Day	International Sticky Toffee Pudding Day												
January 24	National Peanut Butter Day	National Lobster Thermidor Day													
January 25	National Irish Coffee Day	National Fish Taco Day													
January 26	National Green Juice Day	National Peanut Brittle Day													
January 27	National Chocolate Cake Day	International Port Wine Day													
January 28	National Blueberry Pancake Day														
January 29	National Corn Chip Day														
January 30	National Croissant Day														
January 31	National Hot Chocolate Day	National Brandy Alexander Day	Eat Brussels Sprouts Day												
February Full Month	National Chocolate Month	National Cherry Month	National Grapefruit Month	National Hot Breakfast Month	National Snack Food Month	National Bake For Family Fun Month	National Canned Food Month	National Potato Lover’s Month	National Sweet Potato Month.						
February 1	National Baked Alaska Day	National Dark Chocolate Day	Ice Cream for Breakfast Day (first Saturday in February)												
February 2	National Tater Tot Day	National Heavenly Hash Day													
February 3	National Carrot Cake Day														
February 4	National Homemade Soup Day	National Stuffed Mushroom Day													
February 5	World Nutella Day	National Chocolate Fondue Day	National Bubble Gum Day (first Friday in February)												
February 6	National Chopsticks Day														
February 7	National Fettuccine Alfredo Day														
February 8	National Molasses Bar Day	National Potato Lover’s Day													
February 9	National Pizza Day	National Bagels and Lox Day													
February 10	National Cream Cheese Brownie Day	Oatmeal Monday (second Monday in February)													
February 11	National Peppermint Patty Day	Don’t Cry Over Spilled Milk Day													
February 12	National Plum Pudding Day														
February 13	National Tortellini Day	National Italian Food Day													
February 14	National Cream Filled Chocolates Day	Valentine’s Day													
February 15	National Gumdrop Day														
February 16	National Almond Day														
February 17	National Cafe Au Lait Day														
February 18	National Drink Wine Day														
February 19	National Chocolate Mint Day														
February 20	National Muffin Day	National Cherry Pie Day													
February 21	National Sticky Bun Day														
February 22	National Margarita Day	National Cook a Sweet Potato Day													
February 23	National Banana Bread Day														
February 24	National Tortilla Chip Day														
February 25	National Chocolate Covered Nut Day	National Clam Chowder Day	National Pancake Day (47 days before Easter Sunday)												
February 26	National Pistachio Day														
February 27	National Strawberry Day	National Kahlua Day	National Chili Day (fourth Thursday in February)												
February 28	National Chocolate Souffle Day														
February 29	National Frog Legs Day (only in leap years not in 2025)														
March Full Month	National Nutrition Month	National Frozen Food Month	National Noodle Month	National Sauce Month	National Flour Month	National Celery Month	National Peanut Month.								
March 1	National Peanut Butter Lover’s Day	National Fruit Compote Day													
March 2	National Banana Cream Pie Day														
March 3	National Cold Cuts Day	National Mulled Wine Day	National Soup It Forward Day												
March 4	National Pound Cake Day	National Snack Day													
March 5	National Cheese Doodle Day														
March 6	National Oreo Cookie Day	National Frozen Food Day	National White Chocolate Cheesecake Day												
March 7	National Cereal Day														
March 8	National Peanut Cluster Day														
March 9	National Crabmeat Day	National Meatball Day													
March 10	National Blueberry Popover Day	National Pack Your Lunch Day	National Ranch Dressing Day												
March 11	National Oatmeal Nut Waffles Day														
March 12	National Baked Scallops Day														
March 13	National Coconut Torte Day	National Chicken Noodle Soup Day	Popcorn Lover’s Day (second Thursday in March)												
March 14	Pi Day	Bake a Pie in Solidarity Day	National Potato Chip Day												
March 15	National Pears Helene Day	National Peanut Lovers’ Day	National Corndog Day (third Saturday of March)	Maple Syrup Saturday (third Saturday of March)											
March 16	National Artichoke Hearts Day														
March 17	St. Patrick’s Day	National Irish Food Day													
March 18	National Sloppy Joe Day	National Lacy Oatmeal Cookie Day													
March 19	National Poultry Day	National Chocolate Caramel Day													
March 20	National Ravioli Day	Great American Meatout Day	Oranges and Lemons Day (third Thursday of March)												
March 21	National French Bread Day	National California Strawberry Day	World Vermouth Day												
March 22	National Bavarian Crepes Day	World Water Day													
March 23	National Chip and Dip Day	National Melba Toast Day													
March 24	National Cheesesteak Day	National Chocolate Covered Raisin Day	National Cocktail Day												
March 25	International Waffle Day	National Lobster Newburg Day													
March 26	National Spinach Day	National Nougat Day	Whole Grain Sampling Day (last Wednesday in March)												
March 27	International Whiskey Day	National Spanish Paella Day													
March 28	National Something On A Stick Day														
March 29	National Lemon Chiffon Cake Day														
March 30	Turkey Neck Soup Day	National Hot Chicken Day													
March 31	National Clams on the Half Shell Day (also called Oysters on the Half Shell Day)	National Tater Day													
April Full Month	National Brunch Month	National BLT Sandwich Month	National Grilled Cheese Month	National Soft Pretzel Month	National Garlic Month	National Florida Tomato Month	National Fresh Celery Month	National Soy Foods Month.							
April 1	National Sourdough Bread Day														
April 2	National Peanut Butter and Jelly Day														
April 3	National Chocolate Mousse Day														
April 3	National Burrito Day (first Thursday in April)														
April 4	International Carrot Day	National Cordon Bleu Day													
April 5	National Caramel Day	National Raisin and Spice Bar Day													
April 6	Fresh Tomato Day	National Twinkie Day	National Caramel Popcorn Day	National Acai Bowl Day											
April 7	National Beer Day	National Coffee Cake Day													
April 8	National Empanada Day														
April 9	Chinese Almond Cookie Day														
April 10	National Cinnamon Crescent Day	National Farm Animals Day													
April 11	National Cheese Fondue Day	National Poutine Day													
April 12	National Grilled Cheese Sandwich Day	National Licorice Day													
April 13	National Peach Cobbler Day	Make Lunch Count Day													
April 14	National Pecan Day	National Gardening Day	National Glazed Spiral Ham Day												
April 15	National Glazed Spiral Ham Day														
April 16	National Eggs Benedict Day	National Banana Day (third Wednesday in April) / April 19													
April 17	National Crawfish Day	National Cheeseball Day													
April 18	National Animal Crackers Day														
April 19	National Garlic Day	National Rice Ball Day	National Gin and Tonic Day	National Banana Day (third Wednesday in April) / April 19											
April 20	Easter (date varies each year)	National Baked Ham with Pineapple Day (same day as Easter)	National Pineapple Upside-Down Cake Day	Lima Bean Respect Day											
April 21	National Chocolate Covered Cashews Truffle Day	National Tea Day													
April 22	National Jelly Bean Day														
April 23	National Picnic Day	National Cherry Cheesecake Day													
April 24	National Pigs in a Blanket Day	Take our Sons and Daughters to Work Day													
April 25	National Zucchini Bread Day	DNA Day													
April 26	National Pretzel Day														
April 27	National Prime Rib Day														
April 28	National Blueberry Pie Day														
April 29	National Shrimp Scampi Day														
April 30	National Raisin Day	National Bubble Tea Day	National Oatmeal Cookie Day												
May Full Month	American Cheese Month	National Asparagus Month	National Barbecue Month	National Beef Month	National Egg Month	National Gazpacho Aficionado Month	National Hamburger Month	National Mediterranean Diet Month	National Salad Month	National Salsa Month	National Strawberry Month	National Vinegar Month.			
May 1	National Chocolate Parfait Day	National Fruit Compote Day													
May 2	National Truffle Day	World Tuna Day	International Sauvignon Blanc Day (first Friday in May)												
May 3	National Chocolate Custard Day	National Raspberry Popover Day	National Homebrew Day (first Saturday in May)												
May 4	National Orange Juice Day	National Candied Orange Peel Day													
May 5	Cinco de Mayo	National Hoagie Day	National Enchilada Day	National Totally Chipotle Day											
May 6	International No Diet Day	National Beverage Day	National Crêpes Suzette Day												
May 7	National Roast Leg of Lamb Day	National Cosmopolitan Day	National Lemonade Day												
May 8	National Coconut Cream Pie Day	National Have A Coke Day													
May 9	National Butterscotch Brownie Day	National Foodies Day	National Moscato Day												
May 10	National Shrimp Day	National Liver & Onions Day													
May 11	Mother’s Day (second Sunday in May)	National Eat What You Want Day	Hostess Cupcake Day												
May 12	National Nutty Fudge Day														
May 13	National Apple Pie Day	International Hummus Day	National Fruit Cocktail Day	World Cocktail Day	Stamp Out Hunger Food Drive Day										
May 14	National Buttermilk Biscuit Day	National Brioche Day													
May 15	National Chocolate Chip Day														
May 16	National BBQ Day	National Mimosa Day	National Pizza Party Day (third Friday of May)	Honor Our LGBT Elders Day											
May 17	National Walnut Day	National Cherry Cobbler Day	National Pinot Grigio Day	World Whiskey Day (third Saturday in May)											
May 18	National Cheese Soufflé Day	National I Love Reese’s Day	World Baking Day (third Sunday in May)												
May 19	National Devil’s Food Cake Day	National Endangered Species Day													
May 20	National Pick Strawberries Day	National Quiche Lorraine Day													
May 21	National Strawberries and Cream Day	International Tea Day	Eat More Fruits & Vegetables Day												
May 22	National Vanilla Pudding Day	World Paloma Day													
May 23	National Taffy Day	National Drinking with Chickens Day													
May 24	National Asparagus Day	National Escargot Day	National Fruit and Vegetable Day												
May 25	National Wine Day	National Italian Beef Day	National Brown-Bag-It Day												
May 26	National Blueberry Cheesecake Day	National Cherry Dessert Day													
May 27	National Grape Popsicle Day														
May 28	National Brisket Day	International Burger Day (also called National Hamburger Day)													
May 29	National Biscuit Day														
May 30	International Potato Day														
June Full Month	National Candy Month	National Lemon Month	National Dairy Month	National Fresh Fruit and Vegetable Month	National Iced Tea Month	National Turkey Lovers’ Month	National Soul Food Month.								
June 1	World Milk Day	National Hazelnut Cake Day	National Olive Day												
June 2	National Rotisserie Chicken Day	National Rocky Road Ice Cream Day													
June 3	National Egg Day	National Chocolate Macaroon Day	National Cider Day												
June 4	National Cheese Day	National Cognac Day	National Frozen Yogurt Day												
June 5	National Gingerbread Day	National Sausage Roll Day	World Environment Day												
June 6	National Applesauce Cake Day	National Donut Day (first Friday in June)													
June 7	National Chocolate Ice Cream Day														
June 8	Jelly-Filled Doughnut Day														
June 9	International Lemon Drizzle Cake Day	National Strawberry-Rhubarb Pie Day	National Meal Prep Day												
June 10	National Egg Roll Day	National Iced Tea Day	Herbs & Spices Day	National Black Cow Day											
June 11	National Corn on the Cob Day	National German Chocolate Cake Day													
June 12	National Peanut Butter Cookie Day	International Falafel Day	National Jerky Day												
June 14	National Strawberry Shortcake Day	National Rosé Day (second Saturday in June)	World Gin Day (second Saturday in June)												
June 15	National Lobster Day	Father’s Day (third Sunday in June)	National Photography Day												
June 16	National Fudge Day														
June 17	Eat Your Vegetables Day														
June 18	International Picnic Day	International Sushi Day													
June 19	Juneteenth	National Dry Martini Day													
June 20	National Ice Cream Soda Day	National Vanilla Milkshake Day													
June 21	National Smoothie Day	National Wagyu Day	National Peaches and Cream Day												
June 22	National Onion Rings Day	National Pecan Sandy Day													
June 23	National Catfish Day	National Strawberry Parfait Day													
June 25	National Chocolate Pudding Day														
June 26	National Ice Cream Cake Day	World Microbiome Day													
June 27	National Ceviche Day	National Tapioca Day													
June 28	National Waffle Iron Day	National Almond Buttercrunch Day													
June 29	National Mai Tai Day														
June 30	National Mai Tai Day														
July Full Month	National Baked Bean Month	National Berry Month	National Blueberry Month	National Corn Month	National Culinary Arts Month	National Eggplant Month	National Grilling Month	National Horseradish Month	National Hot Dog Month	National Ice Cream Month	National Lasagna Month	National Peach Month	National Pickle Month	National Picnic Month	National Watermelon Month.
July 1	International Chicken Wing Day	National Creative Ice Cream Flavors Day	National Gingersnap Day	International Fruit Day											
July 2	National Anisette Day														
July 3	National Eat Your Beans Day	National Chocolate Wafer Day													
July 4	Fourth of July (also called Independence Day)	Independence From Meat Day	National Barbecue Day	National Barbecued Spareribs Day	National Caesar Salad Day	Jackfruit Day									
July 5	National Apple Turnover Day	National Graham Cracker Day	National Jam Day	International Cherry Pit Spitting Day (first Saturday in July)											
July 6	National Fried Chicken Day	National Hand Roll Day													
July 7	World Chocolate Day	National Macaroni Day	National Strawberry Sundae Day												
July 8	National Chocolate with Almonds Day	National Blueberry Day	National Freezer Pop Day	National Ice Cream Sundae Day											
July 9	National Sugar Cookie Day	National Don’t Put All Your Eggs In One Omelet Day													
July 10	National Piña Colada Day	National Pick Blueberries Day													
July 11	National Blueberry Muffin Day	Make Up Your Own Sundae Day	National Mojito Day	National Rainier Cherry Day	National French Fry Day (second Friday in July)	World Kebab Day (second Friday in July)									
July 12	National Pecan Pie Day	National Eat Your Jell-O Day	National Michelada Day												
July 13	National Beans ‘n’ Franks Day														
July 14	National Mac and Cheese Day														
July 15	National Tapioca Pudding Day	National Gummi Worm Day	National Orange Chicken Day												
July 16	Fresh Spinach Day	National Personal Chef’s Day	National Corn Fritter Day	World Cherry Day											
July 17	National Peach Ice Cream Day														
July 18	National Caviar Day	National Sour Candy Day													
July 19	National Daiquiri Day														
July 20	National Lollipop Day	National Fortune Cookie Day	International Cake Day	National Ice Cream Soda Day	National Ice Cream Day (third Sunday of July)										
July 21	National Junk Food Day														
July 22	National Penuche Fudge Day	National Mango Day	National BLT Day												
July 23	National Vanilla Ice Cream Day	Peanut Butter & Chocolate Day													
July 24	National Tequila Day	National Drive-Thru Day	National Refreshment Day (fourth Thursday in July)												
July 25	National Wine and Cheese Day	National Hot Fudge Sundae Day	National Culinarians Day												
July 26	National Coffee Milkshake Day														
July 27	National Creme Brulee Day	National Scotch Day	National Chicken Fingers Day												
July 28	National Milk Chocolate Day	National Hamburger Day													
July 29	National Lasagna Day	National Chicken Wing Day	Cheese Sacrifice Purchase Day												
July 30	National Cheesecake Day	National Chicken and Waffles Day													
July 31	National Avocado Day	National Raspberry Cake Day	National Cotton Candy Day	National Jump For Jelly Beans Day	National Shredded Wheat Day	National Chili Dog Day (last Thursday in July)									
August Full Month	National Catfish Month	National Goat Cheese Month	National Panini Month	National Peach Month	National Sandwich Month	National Brownies at Brunch Month.									
August 1	National Raspberry Pie Day	National Spritz Day	National Raspberry Cream Pie Day	Braham Pie Day (first Friday in August)											
August 2	National Ice Cream Sandwich Day	International Beer Day	National Mead Day (first Saturday in August)	National Mustard Day (first Saturday in August)											
August 3	National Watermelon Day	National Grab Some Nuts Day													
August 4	National Chocolate Chip Cookie Day	National White Wine Day													
August 5	National Oyster Day	National Sunflower Day	National Couscous Day												
August 6	National Root Beer Float Day														
August 7	National Raspberries in Cream Day														
August 8	National Frozen Custard Day	National Mochi Day	National Zucchini Day	Sneak Some Zucchini Onto Your Neighbor’s Porch Night											
August 9	National Rice Pudding Day														
August 10	National S’mores Day														
August 11	National Panini Day	National Raspberry Bombe Day													
August 12	National Raspberry Tart Day	National Gooey Butter Cake Day	National Julienne Fries Day												
August 13	National Filet Mignon Day	National Prosecco Day													
August 14	National Creamsicle Day	National Pineapple Juice Day													
August 15	National Lemon Meringue Pie Day														
August 16	National Bratwurst Day	National Rum Day													
August 17	National Vanilla Custard Day	National Eggplant Day													
August 18	National Fajita Day	National Ice Cream Pie Day	National Pinot Noir Day												
August 19	National Potato Day	National Hot and Spicy Food Day	National Soft Ice Cream Day												
August 20	National Bacon Lovers Day	National Chocolate Pecan Pie Day	National Hawaiian Pizza Day	National Lemonade Day											
August 21	National Spumoni Day	National Sweet Tea Day													
August 22	National Bao Day	National Pecan Torte Day	World Plant Milk Day	National Eat a Peach Day											
August 23	National Cuban Sandwich Day	National Sponge Cake Day													
August 24	National Peach Pie Day	National Waffle Day													
August 25	National Banana Split Day	National Whiskey Sour Day													
August 26	National Cherry Popsicle Day	National Dog Day													
August 27	National Pots de Crème Day	National Banana Lovers Day													
August 28	National Cherry Turnover Day	National Red Wine Day	National Crackers Over the Keyboard Day												
August 29	More Herbs	Less Salt Day	National Chop Suey Day	National Lemon Juice Day											
August 30	National Cabernet Sauvignon Day	National Toasted Marshmallow Day	National Beach Day	International Bacon Day (Saturday before Labor Day)											
August 31	Eat Outside Day	National Trail Mix Day													
September Full Month	National Fruits & Veggies Month														
September 4	Eat an Extra Dessert Day														
September 5	Cheese Pizza Day														
First Friday of September	National Food Bank Day (Hunger is a national concern	even with the abundance of food produced by U.S. farmers; meat packing companies	FFA groups	and other agriculture-focused businesses donate meals and time to food banks to combat hunger.)											
September 7	Salami Day														
September 12	Chocolate Milkshake Day														
September 16	Guacamole Day														
September 18	Rice Krispie Treat Day	National Cheeseburger Day													
Fourth Saturday in September	National Public Lands Day (Traditionally the largest single-day volunteer effort	encouraging stewardship and the use of open space for education	recreation	and health benefits	also recognizing public lands ranchers.)										
September 29	National Coffee Day														
September 30	Hot Mulled Cider Day														
October 1	International Coffee Day														
October 4	Taco Day														
October 6	International Geodiversity Day														
October 7	Frappé Day														
October 8	Pierogi Day														
October 12	Old Farmers Day														
October 14	Ada Lovelace Day														
October 18	Chocolate Cupcake Day														
October 20	National Youth Confidence Day														
October 23	Mole Day														
October 24	Bologna Day														
October 26	National Pumpkin Day														
October 28	World Chocolate Day/National Chocolate Day														
October 29	World Coding Day														
October 30	Candy Corn Day														
November 2	Deviled Eggs Day														
November 3	Sandwich Day														
November 3	International Day for Biosphere Reserves														
November 7	Bittersweet Chocolate with Almonds Day														
November 10	Vanilla Cupcake Day														
November 10	World Science Day for Peace and Development														
November 14	Spicy Guacamole Day														
November 14	Pickle Day														
November 16	Fast Food Day														
November 17	National Butter Day														
November (Third Thursday)	National Rural Health Day														
November 26	World Olive Tree Day														
November 26	Cake Day														
December Full Month	National Pear Month	National Fruitcake Month	National Root Vegetables and Exotic Fruits Month	National Egg Nog Month.											
December 1	Eat a Red Apple Day	National Pie Day													
December 2	National Fritters Day														
December 3	National Roof Over Your Head Day	National Apple Pie Day													
December 4	National Cookie Day														
December 5	World Soil Day (This day is held annually to focus attention on the importance of soil health and protecting soil as a valuable natural resource.)	Bathtub Party Day													
December 6	National Gazpacho Day	Saint Nicholas Day													
December 7	National Cotton Candy Day														
December 8	National Brownie Day														
December 9	National Pastry Day														
December 10	National Lager Day														
December 11	National Noodle Ring Day														
December 12	Gingerbread House Day														
December 13	National Day of the Horse														
December 14	National Biscuits and Gravy Day														
December 15	National Cupcake Day														
December 16	National Chocolate Covered Anything Day														
December 17	National Maple Syrup Day														
December 18	Bake Cookies Day														
December 19	National Hard Candy Day														
December 20	National Sangria Day														
December 21	National French Fried Shrimp Day														
December 22	National Date Nut Bread Day														
December 24	National Eggnog Day														
December 25	Christmas Day														
December 26	National Candy Cane Day														
December 27	National Fruitcake Day														
December 28	National Chocolate Candy Day														
December 29	National Pepper Pot Day														
December 30	National Bicarbonate of Soda Day														
December 31	New Year’s Eve	National Champagne Day													